model,category_id,GPT1_mean,GPT2_mean,GPT3_mean,GPT4_mean,GPT5_mean,GPT_overall_score_mean,GPT_overall_score_wo_Q4&5_mean,GPT1_std,GPT2_std,GPT3_std,GPT4_std,GPT5_std,GPT_overall_score_std,GPT_overall_score_wo_Q4&5_std
rephrased_true_answers,1,4.909090909090909,4.927272727272728,5.0,5.0,5.0,4.967272727272727,4.945454545454545,0.0642824346533226,0.07606000241218876,0.0,0.0,0.0,0.026967994498529595,0.04494665749754941
rephrased_true_answers,2,4.75,4.75,5.0,5.0,5.0,4.8999999999999995,4.833333333333333,0.0,0.0,0.0,0.0,0.0,0.0,0.0
rephrased_true_answers,3,4.575,4.591666666666667,4.866666666666666,5.0,4.958333333333333,4.798333333333334,4.677777777777778,0.04564354645876365,0.034860834438919575,0.034860834438920185,0.0,0.0,0.021570298509241595,0.03595049751540227
rephrased_true_answers,4,4.690909090909091,4.690909090909091,4.8,5.0,5.0,4.836363636363637,4.7272727272727275,0.04979295977319692,0.08131156281817421,0.040655781409087065,0.0,0.0,0.022268088570756323,0.037113480951259936
rephrased_true_answers,5,4.575,4.6083333333333325,4.8916666666666675,5.0,4.958333333333333,4.806666666666667,4.691666666666666,0.06846531968814568,0.022821773229382048,0.02282177322938234,0.0,0.0,0.01806623615723258,0.030110393595387346
rephrased_true_answers,6,4.42,4.44,4.9799999999999995,5.0,5.0,4.768,4.613333333333332,0.08366600265340755,0.05477225575051644,0.04472135954999574,0.0,0.0,0.030331501776206148,0.050552502960343505
