model,category_id,GPT1_mean,GPT2_mean,GPT3_mean,GPT4_mean,GPT5_mean,GPT_overall_score_mean,GPT_overall_score_wo_Q4&5_mean,GPT1_std,GPT2_std,GPT3_std,GPT4_std,GPT5_std,GPT_overall_score_std,GPT_overall_score_wo_Q4&5_std
rephrased_true_answers,1,5.0,5.0,4.933333333333334,5.0,5.0,4.986666666666666,4.977777777777778,0.0,0.0,0.05773502691896237,0.0,0.0,0.011547005383792781,0.01924500897298746
rephrased_true_answers,2,5.0,4.9,4.866666666666667,5.0,5.0,4.953333333333333,4.9222222222222225,0.0,0.0,0.05773502691896288,0.0,0.0,0.011547005383792655,0.01924500897298746
rephrased_true_answers,3,5.0,5.0,5.0,5.0,5.0,5.0,5.0,0.0,0.0,0.0,0.0,0.0,0.0,0.0
rephrased_true_answers,4,5.0,4.866666666666667,4.9,5.0,5.0,4.953333333333333,4.9222222222222225,0.0,0.05773502691896288,0.0,0.0,0.0,0.011547005383792655,0.01924500897298746
rephrased_true_answers,5,5.0,5.0,4.7272727272727275,5.0,5.0,4.945454545454545,4.909090909090909,0.0,0.0,0.15745916432444312,0.0,0.0,0.03149183286488882,0.05248638810814788
rephrased_true_answers,6,5.0,4.9,4.9,5.0,5.0,4.96,4.933333333333334,0.0,0.0,0.0,0.0,0.0,0.0,0.0
