,GPT1,GPT2,GPT3,GPT4,GPT5
GPT1,1.0,0.9644129889868335,0.9085437685628031,0.46557080004195933,0.7900420749174966
GPT2,0.9644129889868335,1.0,0.9347530015192153,0.4608973984616468,0.8010508068567972
GPT3,0.9085437685628031,0.9347530015192153,1.0,0.4738353096169631,0.8039647476283648
GPT4,0.46557080004195933,0.4608973984616468,0.4738353096169631,1.0,0.5262889772463399
GPT5,0.7900420749174966,0.8010508068567972,0.8039647476283648,0.5262889772463399,1.0
